Model,Accuracy,Balanced Accuracy,Precision,Recall,F1-score,ROC-AUC,Log Loss,ECE
Compact CNN,0.8621794871794872,0.8170940170940171,0.820675105485232,0.9974358974358974,0.9004629629629629,0.9667981591058514,0.4383725602026791,0.320399845421959
